feature,psi,ks_statistic,ks_p_value,psi_drift,ks_drift
return_lag_1,0.0,0.00023282887077997672,0.9999999999999997,False,False
return_lag_2,0.0,0.00023282887077997672,0.9999999999999997,False,False
return_lag_3,0.0,0.00023282887077997672,0.9999999999999997,False,False
return_lag_4,0.0,0.00023282887077997672,0.9999999999999997,False,False
return_lag_5,0.0,0.00023282887077997672,0.9999999999999997,False,False
return_lag_6,0.0,0.00023282887077997672,0.9999999999999997,False,False
return_lag_7,0.0,0.00023282887077997672,0.9999999999999997,False,False
return_lag_8,0.0,0.00023282887077997672,0.9999999999999997,False,False
return_lag_9,0.0,0.00023282887077997672,0.9999999999999997,False,False
return_lag_10,0.0,0.00023282887077997672,0.9999999999999997,False,False
return_lag_11,0.0,0.00023282887077997672,0.9999999999999997,False,False
return_lag_12,0.0,0.00023282887077997672,0.9999999999999997,False,False
return_lag_13,0.0,0.00023282887077997672,0.9999999999999997,False,False
return_lag_14,0.0,0.00023282887077997672,0.9999999999999997,False,False
return_lag_15,0.0,0.00023282887077997672,0.9999999999999997,False,False
return_lag_16,0.0,0.00023282887077997672,0.9999999999999997,False,False
return_lag_17,0.0,0.00023282887077997672,0.9999999999999997,False,False
return_lag_18,0.0,0.00023282887077997672,0.9999999999999997,False,False
return_lag_19,0.0,0.00023282887077997672,0.9999999999999997,False,False
return_lag_20,0.0,0.00023282887077997672,0.9999999999999997,False,False
return_lag_21,0.0,0.00023282887077997672,0.9999999999999997,False,False
return_lag_22,0.0,0.00023282887077997672,0.9999999999999997,False,False
return_lag_23,0.0,0.00023282887077997672,0.9999999999999997,False,False
return_lag_24,0.0,0.00023282887077997672,0.9999999999999997,False,False
